,week_start_date,reanalysis_specific_humidity_g_per_kg,reanalysis_dew_point_temp_k,station_avg_temp_c,station_min_temp_c,total_cases
2000-06-26/2000-07-02,2000-07-01,16.6514285714,295.184285714,26.4,20.7,0.0
2000-07-03/2000-07-09,2000-07-08,16.8628571429,295.358571429,26.9,20.8,0.0
2000-07-10/2000-07-16,2000-07-15,17.12,295.622857143,26.8,20.7,0.0
2000-07-17/2000-07-23,2000-07-22,14.4314285714,292.797142857,25.7666666667,14.7,0.0
2000-07-24/2000-07-30,2000-07-29,15.4442857143,293.957142857,26.6,19.1,0.0
2000-07-31/2000-08-06,2000-08-05,13.4214285714,291.725714286,25.34,17.0,0.0
2000-08-07/2000-08-13,2000-08-12,15.3114285714,293.821428571,27.0166666667,19.9,0.0
2000-08-14/2000-08-20,2000-08-19,15.4657142857,293.992857143,26.5833333333,20.5,0.0
2000-08-21/2000-08-27,2000-08-26,14.4442857143,292.904285714,26.9,19.0,0.0
2000-08-28/2000-09-03,2000-09-02,15.0571428571,293.472857143,27.1166666667,20.0,0.0
2000-09-04/2000-09-10,2000-09-09,12.6528571429,290.635714286,28.3666666667,21.7,1.0
2000-09-11/2000-09-17,2000-09-16,15.2271428571,293.64,27.425,20.5,0.0
2000-09-18/2000-09-24,2000-09-23,14.3385714286,292.707142857,27.5333333333,20.5,0.0
2000-09-25/2000-10-01,2000-09-30,14.7985714286,293.217142857,27.15,20.5,0.0
2000-10-02/2000-10-08,2000-10-07,16.1485714286,294.664285714,26.7,20.0,0.0
2000-10-09/2000-10-15,2000-10-14,16.0714285714,294.592857143,27.6571428571,21.0,1.0
2000-10-16/2000-10-22,2000-10-21,15.5285714286,294.007142857,27.775,21.0,1.0
2000-10-23/2000-10-29,2000-10-28,16.1957142857,294.708571429,28.0,20.0,0.0
2000-10-30/2000-11-05,2000-11-04,16.8685714286,295.274285714,27.6,21.1,0.0
2000-11-06/2000-11-12,2000-11-11,16.8471428571,295.28,28.175,21.5,0.0
2000-11-13/2000-11-19,2000-11-18,15.88,294.232857143,29.025,21.7,0.0
2000-11-20/2000-11-26,2000-11-25,14.7685714286,293.06,27.7,21.5,0.0
2000-11-27/2000-12-03,2000-12-02,16.2442857143,294.717142857,27.05,21.0,0.0
2000-12-04/2000-12-10,2000-12-09,14.9,293.305714286,28.0,22.0,0.0
2000-12-11/2000-12-17,2000-12-16,16.0985714286,294.52,26.6166666667,21.0,1.0
2000-12-18/2000-12-24,2000-12-23,13.1885714286,291.092857143,28.2,21.0,0.0
2000-12-25/2000-12-31,2000-12-23,13.1885714286,291.092857143,28.2,21.0,0.0
2001-01-01/2001-01-07,2001-01-01,18.6728571429,296.99,27.3333333333,21.8,0.0
2001-01-08/2001-01-14,2001-01-08,15.8585714286,294.345714286,27.0,20.7,0.0
2001-01-15/2001-01-21,2001-01-15,16.6,295.061428571,27.05,20.5,0.0
2001-01-22/2001-01-28,2001-01-22,16.0714285714,294.594285714,25.7166666667,20.0,0.0
2001-01-29/2001-02-04,2001-01-29,15.86,294.411428571,26.4333333333,20.0,0.0
2001-02-05/2001-02-11,2001-02-05,14.9471428571,293.408571429,27.35,21.7,0.0
2001-02-12/2001-02-18,2001-02-12,15.93,294.438571429,26.3,21.0,0.0
2001-02-19/2001-02-25,2001-02-19,16.2514285714,294.73,26.9333333333,21.0,0.0
2001-02-26/2001-03-04,2001-02-26,17.3085714286,295.767142857,26.56,20.5,0.0
2001-03-05/2001-03-11,2001-03-05,18.0557142857,296.46,27.2,20.0,0.0
2001-03-12/2001-03-18,2001-03-12,17.0657142857,295.544285714,27.05,20.0,0.0
2001-03-19/2001-03-25,2001-03-19,16.7571428571,295.157142857,27.4333333333,20.0,0.0
2001-03-26/2001-04-01,2001-03-26,17.6685714286,296.078571429,27.05,20.0,0.0
2001-04-02/2001-04-08,2001-04-02,17.21,295.695714286,27.16,20.5,0.0
2001-04-09/2001-04-15,2001-04-09,17.6957142857,296.13,26.46,19.5,0.0
2001-04-16/2001-04-22,2001-04-16,17.52,295.985714286,27.34,20.4,1.0
2001-04-23/2001-04-29,2001-04-23,16.9685714286,295.428571429,27.6333333333,21.0,0.0
2001-04-30/2001-05-06,2001-04-30,17.3057142857,295.74,27.625,20.5,0.0
2001-05-07/2001-05-13,2001-05-07,17.8914285714,296.332857143,26.6,21.4,0.0
2001-05-14/2001-05-20,2001-05-14,18.64,296.99,26.6,21.4,0.0
2001-05-21/2001-05-27,2001-05-21,17.3685714286,295.827142857,27.4333333333,20.5,1.0
2001-05-28/2001-06-03,2001-05-28,16.6942857143,295.18,27.25,20.5,1.0
2001-06-04/2001-06-10,2001-06-04,15.9685714286,294.46,26.8666666667,19.8,0.0
2001-06-11/2001-06-17,2001-06-11,15.7828571429,294.341428571,26.88,20.0,0.0
2001-06-18/2001-06-24,2001-06-18,15.1342857143,293.647142857,26.4,20.5,1.0
2001-06-25/2001-07-01,2001-06-25,12.4642857143,290.572857143,26.4,17.1,0.0
2001-07-02/2001-07-08,2001-07-02,14.2971428571,292.752857143,26.5,20.0,0.0
2001-07-09/2001-07-15,2001-07-09,14.9285714286,293.438571429,27.35,19.5,0.0
2001-07-16/2001-07-22,2001-07-16,15.6057142857,294.115714286,26.7666666667,21.0,0.0
2001-07-23/2001-07-29,2001-07-23,16.5057142857,294.991428571,27.3666666667,21.2,0.0
2001-07-30/2001-08-05,2001-07-30,14.9857142857,293.452857143,26.52,18.4,0.0
2001-08-06/2001-08-12,2001-08-06,13.1585714286,291.387142857,27.1,17.8,0.0
2001-08-13/2001-08-19,2001-08-13,13.7157142857,292.024285714,27.125,20.0,0.0
2001-08-20/2001-08-26,2001-08-20,15.5114285714,294.017142857,27.6,20.0,0.0
2001-08-27/2001-09-02,2001-08-27,15.2514285714,293.725714286,27.2,20.0,0.0
2001-09-03/2001-09-09,2001-09-03,16.4371428571,294.905714286,27.375,20.8,0.0
2001-09-10/2001-09-16,2001-09-10,15.6585714286,294.122857143,27.375,20.1,0.0
2001-09-17/2001-09-23,2001-09-17,16.1042857143,294.597142857,27.525,20.2,0.0
2001-09-24/2001-09-30,2001-09-24,15.8942857143,294.295714286,27.25,20.3,0.0
2001-10-01/2001-10-07,2001-10-01,16.34,294.768571429,28.3,20.4,0.0
2001-10-08/2001-10-14,2001-10-08,15.3271428571,293.812857143,28.525,21.8,0.0
2001-10-15/2001-10-21,2001-10-15,15.8728571429,294.214285714,27.6333333333,20.0,0.0
2001-10-22/2001-10-28,2001-10-22,18.2671428571,296.607142857,28.0666666667,21.0,0.0
2001-10-29/2001-11-04,2001-10-29,16.9585714286,295.305714286,27.64,21.5,0.0
2001-11-05/2001-11-11,2001-11-05,17.8214285714,296.195714286,27.525,21.3,0.0
2001-11-12/2001-11-18,2001-11-12,17.8,296.198571429,28.44,21.0,0.0
2001-11-19/2001-11-25,2001-11-19,18.4514285714,296.752857143,27.575,20.8,1.0
2001-11-26/2001-12-02,2001-11-26,17.4271428571,295.811428571,28.2333333333,21.8,1.0
2001-12-03/2001-12-09,2001-12-03,17.5957142857,295.981428571,28.425,21.2,1.0
2001-12-10/2001-12-16,2001-12-10,19.3057142857,297.5,27.84,21.0,2.0
2001-12-17/2001-12-23,2001-12-17,18.9657142857,297.211428571,27.075,21.0,4.0
2001-12-24/2001-12-30,2001-12-24,19.3028571429,297.511428571,27.35,22.0,1.0
2001-12-31/2002-01-06,2002-01-01,17.6185714286,296.06,27.95,23.0,4.0
2002-01-07/2002-01-13,2002-01-08,16.4828571429,294.912857143,28.9666666667,21.0,11.0
2002-01-14/2002-01-20,2002-01-15,16.1571428571,294.605714286,28.8,22.0,16.0
2002-01-21/2002-01-27,2002-01-22,16.6771428571,295.11,27.94,21.0,23.0
2002-01-28/2002-02-03,2002-01-29,17.69,296.137142857,26.3,20.8,12.0
2002-02-04/2002-02-10,2002-02-05,16.7228571429,295.231428571,26.625,20.8,14.0
2002-02-11/2002-02-17,2002-02-12,18.1471428571,296.544285714,27.85,20.8,18.0
2002-02-18/2002-02-24,2002-02-19,17.6871428571,296.122857143,27.02,21.0,8.0
2002-02-25/2002-03-03,2002-02-26,18.1257142857,296.514285714,26.7,20.5,7.0
2002-03-04/2002-03-10,2002-03-05,18.3614285714,296.698571429,27.85,21.0,10.0
2002-03-11/2002-03-17,2002-03-12,17.7957142857,296.238571429,26.95,21.6,7.0
2002-03-18/2002-03-24,2002-03-19,18.4428571429,296.81,26.95,20.6,10.0
2002-03-25/2002-03-31,2002-03-26,17.68,296.108571429,26.1,20.7,5.0
2002-04-01/2002-04-07,2002-04-02,18.3957142857,296.741428571,27.3,20.2,11.0
2002-04-08/2002-04-14,2002-04-09,17.93,296.351428571,26.3,20.8,8.0
2002-04-15/2002-04-21,2002-04-16,17.9357142857,296.31,27.2,20.3,18.0
2002-04-22/2002-04-28,2002-04-23,18.2228571429,296.631428571,27.2666666667,21.7,13.0
2002-04-29/2002-05-05,2002-04-30,17.8071428571,296.222857143,27.2666666667,21.2,9.0
2002-05-06/2002-05-12,2002-05-07,18.0242857143,296.444285714,27.5,21.3,22.0
2002-05-13/2002-05-19,2002-05-14,17.7442857143,296.221428571,26.8666666667,20.8,10.0
2002-05-20/2002-05-26,2002-05-21,17.5842857143,296.024285714,27.7,20.8,5.0
2002-05-27/2002-06-02,2002-05-28,17.8228571429,296.271428571,26.325,20.8,13.0
2002-06-03/2002-06-09,2002-06-04,16.7742857143,295.235714286,27.3,20.7,2.0
2002-06-10/2002-06-16,2002-06-11,17.6385714286,296.107142857,27.8,20.7,11.0
2002-06-17/2002-06-23,2002-06-18,15.4142857143,293.871428571,26.2333333333,18.8,11.0
2002-06-24/2002-06-30,2002-06-25,13.87,292.147142857,26.15,18.6,3.0
2002-07-01/2002-07-07,2002-07-02,13.4542857143,291.794285714,26.275,20.7,7.0
2002-07-08/2002-07-14,2002-07-09,14.4642857143,292.95,26.1333333333,20.3,7.0
2002-07-15/2002-07-21,2002-07-16,14.8185714286,293.327142857,25.4,20.1,4.0
2002-07-22/2002-07-28,2002-07-23,14.93,293.422857143,27.8,19.5,5.0
2002-07-29/2002-08-04,2002-07-30,16.0757142857,294.624285714,26.7,19.3,6.0
2002-08-05/2002-08-11,2002-08-06,14.2457142857,292.674285714,27.25,20.2,7.0
2002-08-12/2002-08-18,2002-08-13,13.4414285714,291.678571429,27.8333333333,20.6,7.0
2002-08-19/2002-08-25,2002-08-20,14.0457142857,292.451428571,27.8333333333,20.8,4.0
2002-08-26/2002-09-01,2002-08-27,15.4128571429,293.874285714,27.4,20.9,9.0
2002-09-02/2002-09-08,2002-09-03,16.0342857143,294.531428571,27.4,21.7,17.0
2002-09-09/2002-09-15,2002-09-10,14.7457142857,293.211428571,28.2333333333,19.9,8.0
2002-09-16/2002-09-22,2002-09-17,13.9742857143,292.271428571,28.9,21.5,22.0
2002-09-23/2002-09-29,2002-09-24,16.18,294.414285714,27.9,20.4,18.0
2002-09-30/2002-10-06,2002-10-01,15.6342857143,293.814285714,29.2,21.7,21.0
2002-10-07/2002-10-13,2002-10-08,17.2114285714,295.661428571,28.075,21.8,16.0
2002-10-14/2002-10-20,2002-10-15,17.1857142857,295.585714286,28.0,22.0,31.0
2002-10-21/2002-10-27,2002-10-22,16.49,294.961428571,27.95,21.8,25.0
2002-10-28/2002-11-03,2002-10-29,18.6028571429,296.9,27.95,22.5,28.0
2002-11-04/2002-11-10,2002-11-05,18.2671428571,296.637142857,28.3,22.6,26.0
2002-11-11/2002-11-17,2002-11-12,17.9071428571,296.322857143,27.6,21.4,18.0
2002-11-18/2002-11-24,2002-11-19,18.4157142857,296.781428571,27.35,21.7,27.0
2002-11-25/2002-12-01,2002-11-26,18.7842857143,297.072857143,28.1,22.0,11.0
2002-12-02/2002-12-08,2002-12-03,18.1057142857,296.485714286,28.5,22.9,38.0
2002-12-09/2002-12-15,2002-12-10,18.0042857143,296.39,27.65,22.9,29.0
2002-12-16/2002-12-22,2002-12-17,18.2614285714,296.627142857,27.98,23.3,21.0
2002-12-23/2002-12-29,2002-12-24,18.2357142857,296.63,27.975,21.9,11.0
2002-12-30/2003-01-05,2003-01-01,17.4528571429,295.871428571,28.45,22.4,10.0
2003-01-06/2003-01-12,2003-01-08,17.4971428571,295.944285714,28.9333333333,22.1,5.0
2003-01-13/2003-01-19,2003-01-15,17.43,295.901428571,28.0,22.5,6.0
2003-01-20/2003-01-26,2003-01-22,16.5142857143,295.001428571,28.4,23.0,2.0
2003-01-27/2003-02-02,2003-01-29,15.5928571429,294.012857143,28.6,22.5,1.0
2003-02-03/2003-02-09,2003-02-05,17.8528571429,296.218571429,26.6,22.4,2.0
2003-02-10/2003-02-16,2003-02-12,17.0157142857,295.52,26.75,22.4,2.0
2003-02-17/2003-02-23,2003-02-19,18.02,296.392857143,26.75,23.3,3.0
2003-02-24/2003-03-02,2003-02-26,18.0442857143,296.41,29.4,22.9,5.0
2003-03-03/2003-03-09,2003-03-05,17.5,295.942857143,27.95,22.9,1.0
2003-03-10/2003-03-16,2003-03-12,17.5157142857,295.941428571,26.7,22.1,4.0
2003-03-17/2003-03-23,2003-03-19,18.2528571429,296.632857143,27.6,22.7,2.0
2003-03-24/2003-03-30,2003-03-26,18.4842857143,296.818571429,30.8,21.8,4.0
2003-03-31/2003-04-06,2003-04-02,18.2785714286,296.642857143,28.26,22.6,0.0
2003-04-07/2003-04-13,2003-04-09,19.0785714286,297.358571429,28.175,22.9,0.0
2003-04-14/2003-04-20,2003-04-16,17.5342857143,295.99,27.72,22.4,0.0
2003-04-21/2003-04-27,2003-04-23,18.1557142857,296.501428571,28.2,21.8,0.0
2003-04-28/2003-05-04,2003-04-30,17.6885714286,296.16,27.2,22.7,1.0
2003-05-05/2003-05-11,2003-05-07,17.2228571429,295.704285714,28.35,23.4,1.0
2003-05-12/2003-05-18,2003-05-14,16.0857142857,294.567142857,27.0,22.0,1.0
2003-05-19/2003-05-25,2003-05-21,16.5157142857,295.035714286,27.4666666667,22.3,1.0
2003-05-26/2003-06-01,2003-05-28,17.6185714286,296.08,27.7,22.4,1.0
2003-06-02/2003-06-08,2003-06-04,17.6514285714,296.127142857,27.2,22.4,2.0
2003-06-09/2003-06-15,2003-06-11,17.6685714286,296.117142857,27.7,21.6,3.0
2003-06-16/2003-06-22,2003-06-18,15.4771428571,293.978571429,27.525,21.8,4.0
2003-06-23/2003-06-29,2003-06-25,15.9857142857,294.542857143,26.95,21.9,6.0
2003-06-30/2003-07-06,2003-07-02,15.5114285714,294.037142857,25.8666666667,21.7,2.0
2003-07-07/2003-07-13,2003-07-09,15.6185714286,294.154285714,27.075,20.7,2.0
2003-07-14/2003-07-20,2003-07-16,15.2971428571,293.642857143,27.6666666667,17.4,5.0
2003-07-21/2003-07-27,2003-07-23,13.5585714286,291.85,26.4666666667,18.0,1.0
2003-07-28/2003-08-03,2003-07-30,14.6857142857,293.184285714,27.225,21.3,1.0
2003-08-04/2003-08-10,2003-08-06,14.5842857143,293.045714286,27.85,21.3,0.0
2003-08-11/2003-08-17,2003-08-13,15.5885714286,294.118571429,27.4,21.7,0.0
2003-08-18/2003-08-24,2003-08-20,15.01,293.511428571,27.75,20.0,0.0
2003-08-25/2003-08-31,2003-08-27,16.4457142857,294.932857143,28.0,21.4,0.0
2003-09-01/2003-09-07,2003-09-03,12.9471428571,290.97,26.65,18.5,2.0
2003-09-08/2003-09-14,2003-09-10,15.4471428571,293.927142857,27.8333333333,21.0,0.0
2003-09-15/2003-09-21,2003-09-17,15.3114285714,293.684285714,27.8,16.8,3.0
2003-09-22/2003-09-28,2003-09-24,17.2628571429,295.737142857,28.0333333333,21.8,0.0
2003-09-29/2003-10-05,2003-10-01,17.4514285714,295.828571429,28.575,21.8,0.0
2003-10-06/2003-10-12,2003-10-08,17.9142857143,296.312857143,27.2,22.3,0.0
2003-10-13/2003-10-19,2003-10-15,17.7971428571,296.201428571,28.3,22.9,2.0
2003-10-20/2003-10-26,2003-10-22,17.8957142857,296.224285714,27.975,20.7,2.0
2003-10-27/2003-11-02,2003-10-29,16.8728571429,295.295714286,28.7333333333,22.8,3.0
2003-11-03/2003-11-09,2003-11-05,17.39,295.74,27.6,21.9,3.0
2003-11-10/2003-11-16,2003-11-12,17.2928571429,295.645714286,28.5,20.8,3.0
2003-11-17/2003-11-23,2003-11-19,18.3785714286,296.725714286,27.9,22.4,1.0
2003-11-24/2003-11-30,2003-11-26,18.27,296.53,28.3,22.0,2.0
2003-12-01/2003-12-07,2003-12-03,17.7457142857,296.135714286,28.7666666667,22.0,3.0
2003-12-08/2003-12-14,2003-12-10,19.1071428571,297.338571429,28.4,22.5,6.0
2003-12-15/2003-12-21,2003-12-17,18.5328571429,296.851428571,28.3,22.1,5.0
2003-12-22/2003-12-28,2003-12-24,17.1728571429,295.682857143,27.3,22.3,1.0
2003-12-29/2004-01-04,2004-01-01,17.1728571429,295.682857143,27.3,22.3,4.0
2004-01-05/2004-01-11,2004-01-08,18.2557142857,296.637142857,27.4333333333,22.4,5.0
2004-01-12/2004-01-18,2004-01-15,18.7128571429,297.02,28.7,23.1,8.0
2004-01-19/2004-01-25,2004-01-22,17.4914285714,295.89,28.7333333333,21.8,5.0
2004-01-26/2004-02-01,2004-01-29,14.5485714286,292.832857143,28.925,22.3,2.0
2004-02-02/2004-02-08,2004-02-05,15.5671428571,293.988571429,29.2,20.6,3.0
2004-02-09/2004-02-15,2004-02-12,17.1742857143,295.64,27.925,22.8,3.0
2004-02-16/2004-02-22,2004-02-19,17.2085714286,295.642857143,26.6,22.0,1.0
2004-02-23/2004-02-29,2004-02-26,17.95,296.348571429,27.4666666667,20.6,6.0
2004-03-01/2004-03-07,2004-03-04,18.0942857143,296.455714286,28.4,22.3,4.0
2004-03-08/2004-03-14,2004-03-11,17.61,296.068571429,28.0,22.5,1.0
2004-03-15/2004-03-21,2004-03-18,18.2485714286,296.621428571,28.3,21.7,2.0
2004-03-22/2004-03-28,2004-03-25,18.2371428571,296.607142857,28.65,23.6,3.0
2004-03-29/2004-04-04,2004-04-01,18.47,296.815714286,28.0666666667,22.7,1.0
2004-04-05/2004-04-11,2004-04-08,18.8257142857,297.175714286,27.65,22.3,8.0
2004-04-12/2004-04-18,2004-04-15,18.3085714286,296.637142857,28.0333333333,21.7,4.0
2004-04-19/2004-04-25,2004-04-22,18.4085714286,296.771428571,28.0,22.5,6.0
2004-04-26/2004-05-02,2004-04-29,18.34,296.708571429,27.5333333333,22.6,7.0
2004-05-03/2004-05-09,2004-05-06,18.5114285714,296.835714286,27.2333333333,22.0,5.0
2004-05-10/2004-05-16,2004-05-13,16.7785714286,295.27,27.3,19.5,8.0
2004-05-17/2004-05-23,2004-05-20,17.4014285714,295.82,26.65,22.5,6.0
2004-05-24/2004-05-30,2004-05-27,17.5,295.958571429,26.65,20.5,5.0
2004-05-31/2004-06-06,2004-06-03,17.2128571429,295.697142857,27.5,19.8,6.0
2004-06-07/2004-06-13,2004-06-10,16.42,294.99,26.8,20.9,6.0
2004-06-14/2004-06-20,2004-06-17,16.1385714286,294.705714286,25.9,21.5,13.0
2004-06-21/2004-06-27,2004-06-24,15.3128571429,293.86,25.075,18.6,2.0
2004-06-28/2004-07-04,2004-07-01,16.5142857143,295.041428571,25.9,21.1,10.0
2004-07-05/2004-07-11,2004-07-08,16.2528571429,294.814285714,26.55,21.8,3.0
2004-07-12/2004-07-18,2004-07-15,15.86,294.358571429,26.8,20.5,12.0
2004-07-19/2004-07-25,2004-07-22,16.48,294.997142857,26.3,21.9,7.0
2004-07-26/2004-08-01,2004-07-29,15.9757142857,294.471428571,26.3,19.4,6.0
2004-08-02/2004-08-08,2004-08-05,14.6942857143,293.144285714,26.3,18.3,5.0
2004-08-09/2004-08-15,2004-08-12,13.8242857143,292.222857143,26.3,20.0,6.0
2004-08-16/2004-08-22,2004-08-19,14.9614285714,293.421428571,26.3,21.7,6.0
2004-08-23/2004-08-29,2004-08-26,16.0771428571,294.567142857,26.3,20.4,6.0
2004-08-30/2004-09-05,2004-09-02,16.4842857143,294.988571429,27.1,20.9,8.0
2004-09-06/2004-09-12,2004-09-09,17.67,296.115714286,27.4,23.0,6.0
2004-09-13/2004-09-19,2004-09-16,17.44,295.88,27.1666666667,20.4,9.0
2004-09-20/2004-09-26,2004-09-23,15.9014285714,294.382857143,28.0,18.8,12.0
2004-09-27/2004-10-03,2004-09-30,17.7114285714,296.115714286,28.65,21.8,19.0
2004-10-04/2004-10-10,2004-10-07,16.8242857143,295.314285714,26.975,20.6,8.0
2004-10-11/2004-10-17,2004-10-14,18.5471428571,296.867142857,28.55,21.4,16.0
2004-10-18/2004-10-24,2004-10-21,17.9014285714,296.295714286,27.7,22.4,21.0
2004-10-25/2004-10-31,2004-10-28,17.5371428571,295.907142857,27.4,21.3,6.0
2004-11-01/2004-11-07,2004-11-04,17.8057142857,296.178571429,28.35,21.8,22.0
2004-11-08/2004-11-14,2004-11-11,18.1214285714,296.484285714,27.2,22.4,37.0
2004-11-15/2004-11-21,2004-11-18,17.7385714286,296.097142857,28.25,22.5,33.0
2004-11-22/2004-11-28,2004-11-25,18.7142857143,297.02,28.0,22.6,18.0
2004-11-29/2004-12-05,2004-12-02,18.11,296.44,27.9,22.4,83.0
2004-12-06/2004-12-12,2004-12-09,18.2071428571,296.574285714,27.9,22.4,116.0
2004-12-13/2004-12-19,2004-12-16,18.04,296.385714286,28.375,22.6,32.0
2004-12-20/2004-12-26,2004-12-23,18.8557142857,297.122857143,27.8,22.6,7.0
2004-12-27/2005-01-02,2005-01-01,18.8557142857,297.122857143,27.8,22.6,9.0
2005-01-03/2005-01-09,2005-01-08,18.37,296.712857143,28.5,23.0,10.0
2005-01-10/2005-01-16,2005-01-15,18.4085714286,296.727142857,28.4,22.5,5.0
2005-01-17/2005-01-23,2005-01-22,18.2585714286,296.58,28.8666666667,22.5,8.0
2005-01-24/2005-01-30,2005-01-29,18.6457142857,296.931428571,28.8666666667,22.1,7.0
2005-01-31/2005-02-06,2005-02-05,18.6357142857,296.907142857,28.525,22.2,8.0
2005-02-07/2005-02-13,2005-02-12,17.5757142857,295.995714286,27.4666666667,21.4,11.0
2005-02-14/2005-02-20,2005-02-19,18.9471428571,297.221428571,27.5,22.3,6.0
2005-02-21/2005-02-27,2005-02-26,18.2014285714,296.542857143,28.65,22.4,7.0
2005-02-28/2005-03-06,2005-03-05,18.7314285714,297.045714286,28.2666666667,23.3,7.0
2005-03-07/2005-03-13,2005-03-12,19.2742857143,297.528571429,26.8,23.4,14.0
2005-03-14/2005-03-20,2005-03-19,17.3985714286,295.85,28.7,22.5,7.0
2005-03-21/2005-03-27,2005-03-26,17.82,296.251428571,27.72,22.5,9.0
2005-03-28/2005-04-03,2005-04-02,17.6242857143,296.088571429,28.25,20.8,13.0
2005-04-04/2005-04-10,2005-04-09,17.8928571429,296.235714286,28.1,21.6,16.0
2005-04-11/2005-04-17,2005-04-16,18.8857142857,297.202857143,27.65,22.5,7.0
2005-04-18/2005-04-24,2005-04-23,18.5971428571,296.961428571,28.85,22.7,9.0
2005-04-25/2005-05-01,2005-04-30,19.1528571429,297.402857143,28.6,23.7,2.0
2005-05-02/2005-05-08,2005-05-07,18.1814285714,296.575714286,25.8,21.0,13.0
2005-05-09/2005-05-15,2005-05-14,17.94,296.341428571,27.9,21.0,8.0
2005-05-16/2005-05-22,2005-05-21,17.9571428571,296.352857143,27.9,23.6,3.0
2005-05-23/2005-05-29,2005-05-28,17.4071428571,295.804285714,27.4,22.4,5.0
2005-05-30/2005-06-05,2005-06-04,17.2,295.678571429,27.4,20.9,4.0
2005-06-06/2005-06-12,2005-06-11,17.7885714286,296.227142857,27.1,22.0,8.0
2005-06-13/2005-06-19,2005-06-18,16.8242857143,295.32,27.6666666667,22.0,2.0
2005-06-20/2005-06-26,2005-06-25,16.1685714286,294.644285714,27.35,22.4,3.0
2005-06-27/2005-07-03,2005-07-02,15.8771428571,294.408571429,26.8333333333,20.8,5.0
2005-07-04/2005-07-10,2005-07-09,16.0385714286,294.528571429,27.8,21.6,7.0
2005-07-11/2005-07-17,2005-07-16,13.9285714286,292.23,27.8,17.6,3.0
2005-07-18/2005-07-24,2005-07-23,14.1914285714,292.455714286,26.55,18.2,5.0
2005-07-25/2005-07-31,2005-07-30,15.26,293.75,21.4,18.5,6.0
2005-08-01/2005-08-07,2005-08-06,14.6085714286,293.035714286,26.25,19.2,5.0
2005-08-08/2005-08-14,2005-08-13,15.15,293.64,27.325,19.8,5.0
2005-08-15/2005-08-21,2005-08-20,13.59,291.778571429,27.325,17.3,4.0
2005-08-22/2005-08-28,2005-08-27,16.44,294.945714286,27.75,20.3,0.0
2005-08-29/2005-09-04,2005-09-03,15.4285714286,293.918571429,26.8,21.4,0.0
2005-09-05/2005-09-11,2005-09-10,15.5185714286,294.005714286,26.8,21.8,0.0
2005-09-12/2005-09-18,2005-09-17,17.2228571429,295.658571429,26.8,21.8,0.0
2005-09-19/2005-09-25,2005-09-24,15.06,293.555714286,25.7666666667,16.9,0.0
2005-09-26/2005-10-02,2005-10-01,15.3314285714,293.752857143,28.65,20.7,2.0
2005-10-03/2005-10-09,2005-10-08,15.4357142857,293.897142857,28.8,21.0,4.0
2005-10-10/2005-10-16,2005-10-15,15.9157142857,294.385714286,28.5,22.3,4.0
2005-10-17/2005-10-23,2005-10-22,17.4171428571,295.768571429,29.1,21.7,3.0
2005-10-24/2005-10-30,2005-10-29,17.3642857143,295.802857143,28.3,21.3,3.0
2005-10-31/2005-11-06,2005-11-05,18.55,296.805714286,28.2333333333,21.8,5.0
2005-11-07/2005-11-13,2005-11-12,17.9742857143,296.36,28.2333333333,22.3,6.0
2005-11-14/2005-11-20,2005-11-19,18.5828571429,296.895714286,27.6,21.5,14.0
2005-11-21/2005-11-27,2005-11-26,19.1942857143,297.394285714,28.5,21.8,3.0
2005-11-28/2005-12-04,2005-12-03,18.3042857143,296.612857143,28.2666666667,21.7,7.0
2005-12-05/2005-12-11,2005-12-10,18.3642857143,296.657142857,28.1,21.5,11.0
2005-12-12/2005-12-18,2005-12-17,18.9457142857,297.187142857,28.1,22.3,2.0
2005-12-19/2005-12-25,2005-12-24,18.9157142857,297.191428571,28.3,22.9,6.0
2005-12-26/2006-01-01,2006-01-01,18.5842857143,296.935714286,27.45,22.4,8.0
2006-01-02/2006-01-08,2006-01-08,14.5242857143,292.878571429,27.45,19.7,25.0
2006-01-09/2006-01-15,2006-01-15,18.1657142857,296.371428571,27.78,21.4,21.0
2006-01-16/2006-01-22,2006-01-22,17.9414285714,296.321428571,27.78,21.5,10.0
2006-01-23/2006-01-29,2006-01-29,17.3642857143,295.777142857,27.3,22.3,28.0
2006-01-30/2006-02-05,2006-02-05,18.2642857143,296.647142857,27.3,21.5,39.0
2006-02-06/2006-02-12,2006-02-12,18.4428571429,296.808571429,28.0,23.6,20.0
2006-02-13/2006-02-19,2006-02-19,16.9271428571,295.364285714,28.6,24.2,24.0
2006-02-20/2006-02-26,2006-02-26,17.6057142857,295.961428571,28.24,21.3,28.0
2006-02-27/2006-03-05,2006-03-05,18.4014285714,296.764285714,27.4333333333,21.9,26.0
2006-03-06/2006-03-12,2006-03-12,18.9028571429,297.207142857,28.0,21.9,8.0
2006-03-13/2006-03-19,2006-03-19,18.2,296.581428571,27.975,22.4,9.0
2006-03-20/2006-03-26,2006-03-26,17.9114285714,296.295714286,27.4,23.0,12.0
2006-03-27/2006-04-02,2006-04-02,18.7342857143,297.067142857,28.3,22.0,18.0
2006-04-03/2006-04-09,2006-04-09,17.61,296.047142857,27.9333333333,22.6,9.0
2006-04-10/2006-04-16,2006-04-16,18.7142857143,296.965714286,28.3,21.4,9.0
2006-04-17/2006-04-23,2006-04-23,18.0828571429,296.457142857,27.4,22.5,6.0
2006-04-24/2006-04-30,2006-04-30,16.5585714286,295.051428571,27.0,19.5,6.0
2006-05-01/2006-05-07,2006-05-07,17.9628571429,296.384285714,27.85,22.5,8.0
2006-05-08/2006-05-14,2006-05-14,16.9771428571,295.452857143,24.3,21.7,5.0
2006-05-15/2006-05-21,2006-05-21,12.1114285714,290.088571429,25.2,19.4,7.0
2006-05-22/2006-05-28,2006-05-28,15.46,293.777142857,27.4666666667,21.7,6.0
2006-05-29/2006-06-04,2006-06-04,16.0257142857,294.557142857,25.6,19.3,5.0
2006-06-05/2006-06-11,2006-06-11,17.1957142857,295.695714286,26.2,21.5,3.0
2006-06-12/2006-06-18,2006-06-18,16.2585714286,294.75,28.1,21.4,1.0
2006-06-19/2006-06-25,2006-06-25,15.8014285714,294.275714286,26.6,20.4,0.0
2006-06-26/2006-07-02,2006-07-02,15.02,293.517142857,27.2,19.8,1.0
2006-07-03/2006-07-09,2006-07-09,16.0057142857,294.592857143,26.7,21.7,2.0
2006-07-10/2006-07-16,2006-07-16,14.4171428571,292.832857143,26.25,20.6,3.0
2006-07-17/2006-07-23,2006-07-23,15.7885714286,294.258571429,27.4,19.9,2.0
2006-07-24/2006-07-30,2006-07-30,14.88,293.26,26.6,18.5,2.0
2006-07-31/2006-08-06,2006-08-06,16.7071428571,295.2,27.225,19.7,2.0
2006-08-07/2006-08-13,2006-08-13,14.6314285714,293.08,27.6,19.4,2.0
2006-08-14/2006-08-20,2006-08-20,17.0657142857,295.545714286,27.6666666667,20.9,2.0
2006-08-21/2006-08-27,2006-08-27,16.6914285714,295.144285714,27.3,20.9,4.0
2006-08-28/2006-09-03,2006-09-03,16.7771428571,295.272857143,26.5,20.3,0.0
2006-09-04/2006-09-10,2006-09-10,15.4571428571,293.902857143,27.42,20.6,6.0
2006-09-11/2006-09-17,2006-09-17,14.6428571429,293.037142857,28.35,17.8,3.0
2006-09-18/2006-09-24,2006-09-24,15.91,294.35,27.9333333333,21.4,2.0
2006-09-25/2006-10-01,2006-10-01,17.2542857143,295.738571429,28.5666666667,22.0,6.0
2006-10-02/2006-10-08,2006-10-08,16.7385714286,295.16,28.7,21.1,2.0
2006-10-09/2006-10-15,2006-10-15,18.4471428571,296.751428571,28.06,22.1,7.0
2006-10-16/2006-10-22,2006-10-22,19.5957142857,297.764285714,28.6,22.8,4.0
2006-10-23/2006-10-29,2006-10-29,18.3114285714,296.661428571,27.56,19.8,6.0
2006-10-30/2006-11-05,2006-11-05,18.63,296.882857143,28.8333333333,22.0,6.0
2006-11-06/2006-11-12,2006-11-12,19.7314285714,297.852857143,28.25,22.4,2.0
2006-11-13/2006-11-19,2006-11-19,17.7914285714,296.201428571,27.6,21.8,13.0
2006-11-20/2006-11-26,2006-11-26,18.6385714286,296.961428571,27.0,22.5,10.0
2006-11-27/2006-12-03,2006-12-03,18.7442857143,296.988571429,27.9,22.9,5.0
2006-12-04/2006-12-10,2006-12-10,19.4257142857,297.608571429,28.4,23.2,2.0
2006-12-11/2006-12-17,2006-12-17,19.1114285714,297.351428571,28.4,23.2,0.0
2006-12-18/2006-12-24,2006-12-24,18.3585714286,296.725714286,28.4,23.5,1.0
2006-12-25/2006-12-31,2006-12-24,18.3585714286,296.725714286,28.4,23.5,1.0
2007-01-01/2007-01-07,2007-01-01,18.1442857143,296.517142857,26.6,21.5,0.0
2007-01-08/2007-01-14,2007-01-08,17.9628571429,296.388571429,26.825,22.9,14.0
2007-01-15/2007-01-21,2007-01-15,17.9757142857,296.388571429,27.775,22.2,6.0
2007-01-22/2007-01-28,2007-01-22,18.6885714286,297.025714286,27.7,22.0,10.0
2007-01-29/2007-02-04,2007-01-29,18.4142857143,296.774285714,27.725,22.3,5.0
2007-02-05/2007-02-11,2007-02-05,17.3228571429,295.77,28.6,22.4,12.0
2007-02-12/2007-02-18,2007-02-12,15.6857142857,294.15,28.85,21.4,9.0
2007-02-19/2007-02-25,2007-02-19,15.9185714286,294.165714286,28.74,21.2,5.0
2007-02-26/2007-03-04,2007-02-26,16.02,294.29,28.56,20.4,11.0
2007-03-05/2007-03-11,2007-03-05,17.9114285714,296.317142857,27.3,21.9,2.0
2007-03-12/2007-03-18,2007-03-12,17.8814285714,296.301428571,28.0,21.7,6.0
2007-03-19/2007-03-25,2007-03-19,17.47,295.89,27.0,21.7,7.0
2007-03-26/2007-04-01,2007-03-26,18.2142857143,296.56,28.25,21.5,6.0
2007-04-02/2007-04-08,2007-04-02,18.5942857143,296.921428571,27.2666666667,22.6,5.0
2007-04-09/2007-04-15,2007-04-09,18.3285714286,296.688571429,27.85,21.3,9.0
2007-04-16/2007-04-22,2007-04-16,17.5514285714,296.014285714,27.4,22.1,5.0
2007-04-23/2007-04-29,2007-04-23,18.1042857143,296.502857143,27.0333333333,22.0,8.0
2007-04-30/2007-05-06,2007-04-30,17.5171428571,295.942857143,27.85,21.0,3.0
2007-05-07/2007-05-13,2007-05-07,17.6114285714,295.994285714,28.1,21.5,4.0
2007-05-14/2007-05-20,2007-05-14,15.6485714286,294.012857143,28.1,19.0,11.0
2007-05-21/2007-05-27,2007-05-21,17.7185714286,296.168571429,28.25,21.7,5.0
2007-05-28/2007-06-03,2007-05-28,15.74,294.038571429,24.7,17.5,8.0
2007-06-04/2007-06-10,2007-06-04,16.7271428571,295.23,26.5,20.4,4.0
2007-06-11/2007-06-17,2007-06-11,16.3885714286,294.928571429,26.6,20.7,3.0
2007-06-18/2007-06-24,2007-06-18,16.4228571429,294.971428571,25.9666666667,21.2,1.0
2007-06-25/2007-07-01,2007-06-25,16.6314285714,295.178571429,26.5666666667,20.7,2.0
2007-07-02/2007-07-08,2007-07-02,13.8042857143,292.177142857,25.9,19.6,3.0
2007-07-09/2007-07-15,2007-07-09,15.4157142857,293.931428571,26.75,19.9,4.0
2007-07-16/2007-07-22,2007-07-16,16.3914285714,294.941428571,26.5333333333,20.9,1.0
2007-07-23/2007-07-29,2007-07-23,15.8457142857,294.345714286,27.35,20.7,8.0
2007-07-30/2007-08-05,2007-07-30,14.7185714286,293.0,24.25,16.4,5.0
2007-08-06/2007-08-12,2007-08-06,14.3371428571,292.708571429,26.475,17.2,3.0
2007-08-13/2007-08-19,2007-08-13,15.5657142857,294.072857143,26.9,21.3,2.0
2007-08-20/2007-08-26,2007-08-20,15.7571428571,294.195714286,27.125,19.9,7.0
2007-08-27/2007-09-02,2007-08-27,14.7942857143,293.124285714,27.05,19.9,1.0
2007-09-03/2007-09-09,2007-09-03,17.1828571429,295.682857143,26.3,20.9,6.0
2007-09-10/2007-09-16,2007-09-10,16.65,295.162857143,26.9,21.4,7.0
2007-09-17/2007-09-23,2007-09-17,17.3671428571,295.834285714,27.2,21.6,5.0
2007-09-24/2007-09-30,2007-09-24,16.8042857143,295.3,27.8333333333,21.1,2.0
2007-10-01/2007-10-07,2007-10-01,17.84,296.287142857,28.4,21.6,6.0
2007-10-08/2007-10-14,2007-10-08,17.01,295.447142857,28.4,21.8,11.0
2007-10-15/2007-10-21,2007-10-15,18.2657142857,296.587142857,29.0,21.9,6.0
2007-10-22/2007-10-28,2007-10-22,17.5428571429,295.96,26.9,20.9,3.0
2007-10-29/2007-11-04,2007-10-29,18.6728571429,296.978571429,27.0,21.6,11.0
2007-11-05/2007-11-11,2007-11-05,17.9785714286,296.248571429,28.7,22.5,11.0
2007-11-12/2007-11-18,2007-11-12,18.5485714286,296.83,27.675,21.6,5.0
2007-11-19/2007-11-25,2007-11-19,18.6128571429,296.938571429,26.62,21.8,4.0
2007-11-26/2007-12-02,2007-11-26,18.9242857143,297.217142857,27.125,22.4,9.0
2007-12-03/2007-12-09,2007-12-03,18.6071428571,296.904285714,27.9,22.8,23.0
2007-12-10/2007-12-16,2007-12-10,17.91,296.261428571,28.85,22.6,28.0
2007-12-17/2007-12-23,2007-12-17,18.0342857143,296.397142857,27.625,22.4,26.0
2007-12-24/2007-12-30,2007-12-24,17.9828571429,296.368571429,27.7,21.7,7.0
2007-12-31/2008-01-06,2008-01-01,16.26,294.668571429,28.275,21.5,29.0
2008-01-07/2008-01-13,2008-01-08,16.6814285714,295.2,25.8,22.6,58.0
2008-01-14/2008-01-20,2008-01-15,18.8657142857,297.09,27.4333333333,21.8,26.0
2008-01-21/2008-01-27,2008-01-22,17.84,296.25,27.4333333333,21.9,38.0
2008-01-28/2008-02-03,2008-01-29,18.6857142857,297.011428571,27.5666666667,22.8,35.0
2008-02-04/2008-02-10,2008-02-05,16.2842857143,294.628571429,27.8666666667,20.5,37.0
2008-02-11/2008-02-17,2008-02-12,18.5571428571,296.922857143,26.6,22.1,20.0
2008-02-18/2008-02-24,2008-02-19,17.13,295.608571429,28.0,22.0,29.0
2008-02-25/2008-03-02,2008-02-26,17.9471428571,296.381428571,26.85,22.5,25.0
2008-03-03/2008-03-09,2008-03-04,17.0642857143,295.52,27.18,21.9,23.0
2008-03-10/2008-03-16,2008-03-11,17.5057142857,295.9,26.25,22.2,9.0
2008-03-17/2008-03-23,2008-03-18,16.9971428571,295.475714286,26.25,22.0,3.0
2008-03-24/2008-03-30,2008-03-25,17.5071428571,295.948571429,26.9,22.6,6.0
2008-03-31/2008-04-06,2008-04-01,17.4214285714,295.854285714,27.8666666667,22.5,6.0
2008-04-07/2008-04-13,2008-04-08,18.3157142857,296.632857143,28.3,21.0,3.0
2008-04-14/2008-04-20,2008-04-15,17.5042857143,295.935714286,26.8,21.7,1.0
2008-04-21/2008-04-27,2008-04-22,17.9642857143,296.382857143,26.65,21.6,3.0
2008-04-28/2008-05-04,2008-04-29,18.3985714286,296.741428571,27.8666666667,22.7,1.0
2008-05-05/2008-05-11,2008-05-06,16.18,294.665714286,26.6,20.6,1.0
2008-05-12/2008-05-18,2008-05-13,14.78,293.244285714,26.1666666667,18.0,0.0
2008-05-19/2008-05-25,2008-05-20,17.1442857143,295.638571429,26.35,21.4,2.0
2008-05-26/2008-06-01,2008-05-27,17.52,295.994285714,27.2,21.7,1.0
2008-06-02/2008-06-08,2008-06-03,16.7114285714,295.21,26.9,20.4,1.0
2008-06-09/2008-06-15,2008-06-10,15.3757142857,293.891428571,26.9,17.8,0.0
2008-06-16/2008-06-22,2008-06-17,17.4471428571,295.934285714,26.9,21.0,0.0
2008-06-23/2008-06-29,2008-06-24,16.7128571429,295.192857143,26.9,18.0,1.0
2008-06-30/2008-07-06,2008-07-01,15.2857142857,293.83,26.9,20.8,0.0
2008-07-07/2008-07-13,2008-07-08,15.08,293.594285714,26.9,21.0,3.0
2008-07-14/2008-07-20,2008-07-15,16.1428571429,294.691428571,26.9,21.0,3.0
2008-07-21/2008-07-27,2008-07-22,16.5828571429,295.002857143,26.6,20.8,1.0
2008-07-28/2008-08-03,2008-07-29,16.8728571429,295.37,26.68,20.6,5.0
2008-08-04/2008-08-10,2008-08-05,17.0571428571,295.505714286,27.4,18.5,2.0
2008-08-11/2008-08-17,2008-08-12,16.8471428571,295.347142857,27.9,19.8,5.0
2008-08-18/2008-08-24,2008-08-19,15.9985714286,294.418571429,28.0,19.2,5.0
2008-08-25/2008-08-31,2008-08-26,16.6528571429,295.092857143,27.8333333333,20.4,5.0
2008-09-01/2008-09-07,2008-09-02,16.4657142857,294.861428571,27.35,20.4,9.0
2008-09-08/2008-09-14,2008-09-09,17.03,295.484285714,27.9666666667,20.8,17.0
2008-09-15/2008-09-21,2008-09-16,16.8185714286,295.307142857,27.8,20.7,19.0
2008-09-22/2008-09-28,2008-09-23,17.0471428571,295.49,27.75,20.8,25.0
2008-09-29/2008-10-05,2008-09-30,16.3314285714,294.761428571,27.75,19.6,45.0
2008-10-06/2008-10-12,2008-10-07,17.0185714286,295.361428571,30.0333333333,21.5,34.0
2008-10-13/2008-10-19,2008-10-14,17.5271428571,295.915714286,26.45,21.0,63.0
2008-10-20/2008-10-26,2008-10-21,18.3885714286,296.701428571,27.3333333333,21.5,44.0
2008-10-27/2008-11-02,2008-10-28,18.4842857143,296.825714286,27.4,21.2,50.0
2008-11-03/2008-11-09,2008-11-04,19.2528571429,297.468571429,27.82,21.2,35.0
2008-11-10/2008-11-16,2008-11-11,17.6257142857,296.01,28.3,20.5,16.0
2008-11-17/2008-11-23,2008-11-18,19.6171428571,297.741428571,27.9666666667,21.7,16.0
2008-11-24/2008-11-30,2008-11-25,19.3885714286,297.577142857,26.1,21.0,13.0
2008-12-01/2008-12-07,2008-12-02,18.7785714286,297.044285714,26.96,21.0,9.0
2008-12-08/2008-12-14,2008-12-09,17.7842857143,296.182857143,27.8,21.2,15.0
2008-12-15/2008-12-21,2008-12-16,18.5728571429,296.847142857,27.825,20.5,4.0
2008-12-22/2008-12-28,2008-12-23,17.2485714286,295.594285714,28.08,21.2,0.0
2008-12-29/2009-01-04,2009-01-01,17.2485714286,295.594285714,28.08,21.2,1.0
2009-01-05/2009-01-11,2009-01-08,18.4614285714,296.784285714,27.2666666667,21.1,10.0
2009-01-12/2009-01-18,2009-01-15,17.9957142857,296.418571429,27.18,21.1,11.0
2009-01-19/2009-01-25,2009-01-22,16.6414285714,295.137142857,27.5666666667,21.8,29.0
2009-01-26/2009-02-01,2009-01-29,18.13,296.514285714,27.65,21.1,35.0
2009-02-02/2009-02-08,2009-02-05,18.4842857143,296.84,27.4666666667,21.0,30.0
2009-02-09/2009-02-15,2009-02-12,17.7657142857,296.194285714,28.1,21.2,20.0
2009-02-16/2009-02-22,2009-02-19,17.8528571429,296.254285714,27.7,20.5,21.0
2009-02-23/2009-03-01,2009-02-26,18.1285714286,296.494285714,26.58,20.5,12.0
2009-03-02/2009-03-08,2009-03-05,18.3542857143,296.71,28.4,21.0,9.0
2009-03-09/2009-03-15,2009-03-12,18.3528571429,296.715714286,27.3,21.0,11.0
2009-03-16/2009-03-22,2009-03-19,18.1057142857,296.5,27.8,21.0,9.0
2009-03-23/2009-03-29,2009-03-26,17.78,296.184285714,28.5,21.5,5.0
2009-03-30/2009-04-05,2009-04-02,18.1757142857,296.545714286,27.95,21.7,11.0
2009-04-06/2009-04-12,2009-04-09,17.42,295.804285714,27.1333333333,21.0,3.0
2009-04-13/2009-04-19,2009-04-16,17.7042857143,296.135714286,26.9,21.2,5.0
2009-04-20/2009-04-26,2009-04-23,18.5042857143,296.887142857,26.8,21.2,5.0
2009-04-27/2009-05-03,2009-04-30,18.0185714286,296.448571429,27.15,21.0,4.0
2009-05-04/2009-05-10,2009-05-07,18.09,296.484285714,28.1,22.0,4.0
2009-05-11/2009-05-17,2009-05-14,17.8585714286,296.271428571,28.075,22.0,1.0
2009-05-18/2009-05-24,2009-05-21,17.5857142857,296.012857143,28.35,21.4,0.0
2009-05-25/2009-05-31,2009-05-28,17.83,296.264285714,27.6,21.0,2.0
2009-06-01/2009-06-07,2009-06-04,16.7571428571,295.267142857,28.1,22.2,3.0
2009-06-08/2009-06-14,2009-06-11,15.4828571429,293.91,24.6666666667,20.0,3.0
2009-06-15/2009-06-21,2009-06-18,16.3628571429,294.862857143,27.05,19.4,5.0
2009-06-22/2009-06-28,2009-06-25,17.6671428571,296.11,27.375,21.2,2.0
2009-06-29/2009-07-05,2009-07-02,16.8742857143,295.357142857,27.45,21.4,1.0
2009-07-06/2009-07-12,2009-07-09,16.68,295.167142857,27.6,21.6,2.0
2009-07-13/2009-07-19,2009-07-16,16.92,295.411428571,26.825,21.3,0.0
2009-07-20/2009-07-26,2009-07-23,15.51,294.052857143,26.95,21.0,0.0
2009-07-27/2009-08-02,2009-07-30,16.6028571429,295.045714286,27.0,20.5,3.0
2009-08-03/2009-08-09,2009-08-06,16.3371428571,294.824285714,27.975,20.5,5.0
2009-08-10/2009-08-16,2009-08-13,17.04,295.507142857,27.7,21.0,5.0
2009-08-17/2009-08-23,2009-08-20,16.2285714286,294.708571429,28.32,21.2,7.0
2009-08-24/2009-08-30,2009-08-27,18.1228571429,296.444285714,29.0,22.0,5.0
2009-08-31/2009-09-06,2009-09-03,17.9885714286,296.388571429,27.6,21.0,2.0
2009-09-07/2009-09-13,2009-09-10,15.8657142857,294.314285714,29.1666666667,21.4,2.0
2009-09-14/2009-09-20,2009-09-17,16.2028571429,294.618571429,28.85,20.4,2.0
2009-09-21/2009-09-27,2009-09-24,17.38,295.827142857,28.8666666667,21.0,0.0
2009-09-28/2009-10-04,2009-10-01,17.9471428571,296.344285714,27.95,20.5,2.0
2009-10-05/2009-10-11,2009-10-08,18.1342857143,296.561428571,27.64,21.0,1.0
2009-10-12/2009-10-18,2009-10-15,16.8957142857,295.35,27.75,21.2,1.0
2009-10-19/2009-10-25,2009-10-22,18.6614285714,296.918571429,27.7333333333,21.0,2.0
2009-10-26/2009-11-01,2009-10-29,19.2542857143,297.442857143,27.8,21.0,2.0
2009-11-02/2009-11-08,2009-11-05,18.9371428571,297.14,29.8666666667,21.2,3.0
2009-11-09/2009-11-15,2009-11-12,18.6642857143,296.925714286,28.94,21.9,9.0
2009-11-16/2009-11-22,2009-11-19,17.8071428571,296.108571429,28.9,22.3,5.0
2009-11-23/2009-11-29,2009-11-26,19.0014285714,297.225714286,28.4333333333,21.8,5.0
2009-11-30/2009-12-06,2009-12-03,18.6714285714,296.97,28.025,22.2,4.0
2009-12-07/2009-12-13,2009-12-10,18.3042857143,296.595714286,28.55,21.2,4.0
2009-12-14/2009-12-20,2009-12-17,18.6014285714,296.905714286,28.2,22.0,1.0
2009-12-21/2009-12-27,2009-12-24,18.18,296.557142857,27.2,21.8,0.0
2009-12-28/2010-01-03,2010-01-01,18.18,296.557142857,27.2,21.8,0.0
2010-01-04/2010-01-10,2010-01-08,16.1271428571,294.53,28.6,21.8,10.0
2010-01-11/2010-01-17,2010-01-15,17.7585714286,296.147142857,27.8333333333,22.1,9.0
2010-01-18/2010-01-24,2010-01-22,18.0014285714,296.38,28.9666666667,22.5,17.0
2010-01-25/2010-01-31,2010-01-29,18.1928571429,296.56,27.8,22.4,16.0
2010-02-01/2010-02-07,2010-02-05,18.5228571429,296.837142857,27.8,22.0,11.0
2010-02-08/2010-02-14,2010-02-12,19.3457142857,297.568571429,27.0,22.9,12.0
2010-02-15/2010-02-21,2010-02-19,18.8571428571,297.09,27.3,21.4,19.0
2010-02-22/2010-02-28,2010-02-26,19.7728571429,297.928571429,28.02,21.4,15.0
2010-03-01/2010-03-07,2010-03-05,19.7542857143,297.917142857,28.5,21.2,12.0
2010-03-08/2010-03-14,2010-03-12,20.0914285714,298.141428571,28.55,21.4,12.0
2010-03-15/2010-03-21,2010-03-19,20.4614285714,298.45,30.0,22.0,16.0
2010-03-22/2010-03-28,2010-03-26,19.3685714286,297.555714286,27.4666666667,21.0,9.0
2010-03-29/2010-04-04,2010-04-02,18.2142857143,296.568571429,27.9333333333,21.0,4.0
2010-04-05/2010-04-11,2010-04-09,20.0785714286,298.161428571,29.2,22.5,9.0
2010-04-12/2010-04-18,2010-04-16,18.6771428571,297.002857143,27.15,21.2,6.0
2010-04-19/2010-04-25,2010-04-23,19.4485714286,297.678571429,27.85,22.5,8.0
2010-04-26/2010-05-02,2010-04-30,18.0685714286,296.468571429,28.85,21.4,4.0
2010-05-03/2010-05-09,2010-05-07,18.6028571429,296.975714286,27.6,21.4,2.0
2010-05-10/2010-05-16,2010-05-14,18.3914285714,296.738571429,27.4,21.2,7.0
2010-05-17/2010-05-23,2010-05-21,14.9085714286,293.227142857,25.6333333333,20.0,6.0
2010-05-24/2010-05-30,2010-05-28,18.4857142857,296.825714286,28.6333333333,22.4,5.0
2010-05-31/2010-06-06,2010-06-04,18.07,296.452857143,27.4333333333,21.7,8.0
2010-06-07/2010-06-13,2010-06-11,17.0085714286,295.501428571,24.4,19.2,1.0
2010-06-14/2010-06-20,2010-06-18,16.8157142857,295.324285714,25.4333333333,21.0,1.0
2010-06-21/2010-06-27,2010-06-25,17.3557142857,295.807142857,27.475,22.2,4.0
